model,horizon,WAPE_delta_vs_persistence_pp,origin_bootstrap_95_low,origin_bootstrap_95_high
arima_log,0,-0.04868257924069907,-0.40771675322949913,0.01769891341570896
arima_log,1,-0.12444749787283095,-0.5155331557018251,0.013554413204420454
arima_log,2,0.013282220278384235,0.011765287216809838,0.014511173079050366
arima_log,3,0.023672802431507257,0.014718403793264974,0.040219306581831885
catboost,0,-0.6187067744611544,-2.031227457688651,4.500617211538037
catboost,1,1.0989521336779566,-1.4862513310831942,4.500617211538037
catboost,2,-0.9126169158907632,-1.8071764712811245,0.1915645989594417
catboost,3,-3.804042402360637,-4.127605423955858,-3.628941229711974
damped_monthly_trend,0,-4.373754530663694,-7.0233120869412495,-0.7863290632866298
damped_monthly_trend,1,-0.9024984744071038,-1.800405265119758,0.13056516820800995
damped_monthly_trend,2,-6.7170741079618494,-7.302244913786423,-5.994780345709721
damped_monthly_trend,3,-8.378152580790136,-19.55375868517491,-2.3302991385467586
elastic_net,0,3.0678710980563895,-3.1487470911638717,11.470579895112225
elastic_net,1,4.046310964111571,-2.392725365106668,14.507901318007505
elastic_net,2,2.68732307511017,-2.872968283225859,9.550556381445867
elastic_net,3,1.5497969060383967,-6.162383660834539,5.7233636327920205
equal_weight_boosting_ensemble,0,-0.76641003500459,-2.0682349979221706,3.3722687939893743
equal_weight_boosting_ensemble,1,0.7614154125484149,-1.3584277498503565,3.3722687939893743
equal_weight_boosting_ensemble,2,-1.227789448204501,-2.2880207651735347,0.08088565856537645
equal_weight_boosting_ensemble,3,-3.321622165728228,-3.520022542738369,-3.214254709159373
extra_trees,0,0.6488257171184909,-0.05823137889271405,4.5742330510263125
extra_trees,1,1.82331329602247,0.282302332843944,4.5742330510263125
extra_trees,2,0.6875981351065666,0.010405136462203757,1.523477631986783
extra_trees,3,-1.862638504092579,-2.7607794637053846,-0.2029968334234457
hist_gradient_boosting,0,-1.094914442524188,-1.986586417695229,1.5382090301465898
hist_gradient_boosting,1,0.18173848428210368,-2.096497632290412,2.8413183517444285
hist_gradient_boosting,2,-1.364717178848281,-1.7701957380731912,-0.8642229109525384
hist_gradient_boosting,3,-3.391000374567291,-4.07831937290055,-2.1209288579890804
holt_damped_log,0,0.0,0.0,0.0
holt_damped_log,1,0.0,0.0,0.0
holt_damped_log,2,0.0,0.0,0.0
holt_damped_log,3,0.0,0.0,0.0
lightgbm_downweighted,0,-1.2307925978840526,-2.441771641470276,2.117742741139074
lightgbm_downweighted,1,0.08096396628018947,-2.0491205917701225,3.4119051160733984
lightgbm_downweighted,2,-1.3979756241116383,-2.3415604170060007,-0.2332807977810852
lightgbm_downweighted,3,-3.743049687264144,-3.872550294501132,-3.672968415077614
lightgbm_price,0,-1.105745526513704,-2.2409139698652476,2.7277968767677137
lightgbm_price,1,0.26585430175916985,-1.7077313293507963,3.3224409847683987
lightgbm_price,2,-1.4381598211472335,-2.502464158847147,-0.1244572635234254
lightgbm_price,3,-3.513424446497708,-3.668443012484701,-3.429533733174497
lightgbm_weather,0,-1.41499077025863,-2.1180177044902395,1.2757734053104541
lightgbm_weather,1,-0.34900005687504754,-2.0681158772232506,1.780069003754833
lightgbm_weather,2,-1.7308848420536196,-2.1079222890119027,-1.265496286502412
lightgbm_weather,3,-3.2061774824472122,-3.909335707186813,-1.906837241518137
moving_average_3m,0,4.044718168429506,2.0604120824164833,5.214774849553848
moving_average_3m,1,3.5599541021227767,0.5669327779706141,5.868284228769498
moving_average_3m,2,4.0281973816717,3.828125,4.275152684024426
moving_average_3m,3,5.082032813125241,3.916127042861545,7.236467236467216
persistence,0,0.0,0.0,0.0
persistence,1,0.0,0.0,0.0
persistence,2,0.0,0.0,0.0
persistence,3,0.0,0.0,0.0
random_forest,0,1.0505913173838277,0.08497846853782169,3.2994655047060135
random_forest,1,1.6276403404420663,0.33074470146961576,3.2994655047060135
random_forest,2,1.1939868624364032,-0.10900121117130368,2.8023038674680953
random_forest,3,-0.3562756527649339,-0.4589361509610168,-0.16657309114106106
ridge,0,1.837997232566019,-3.333547391819153,9.056576511634184
ridge,1,2.934987856450848,-2.5257560387540328,11.895260682769587
ridge,2,1.5818732342857986,-3.037708497036917,7.283960617210654
ridge,3,-0.10118044501335889,-6.727809901199716,3.4849233772521537
sarima_log,0,3.8968059191461077,-2.79605669953086,10.763919587704176
sarima_log,1,3.0586721754036983,0.5192834859197023,5.423609785942534
sarima_log,2,4.713800925070515,-3.853279730228442,11.65447486221506
sarima_log,3,4.514307000754261,-6.147069866611589,24.21507348557902
scaled_seasonal_naive,0,-0.09137769447047554,-0.9059909066595297,2.3728070175438596
scaled_seasonal_naive,1,1.4362110446447804,0.0,3.467948717948718
scaled_seasonal_naive,2,-2.7043324248762266,-6.042370519226824,0.0
scaled_seasonal_naive,3,0.34622240504593704,0.0,0.53358605625026
seasonal_naive_fallback,0,15.142589369393493,0.16085790884718498,30.088258892752073
seasonal_naive_fallback,1,15.461847389558233,0.32171581769436997,32.88093769278223
seasonal_naive_fallback,2,15.105740181268882,0.0,33.751205400192866
seasonal_naive_fallback,3,14.525810324129651,0.0,22.38667900092507
xgboost,0,-0.45889558873832353,-1.6127472865330896,2.888392293662356
xgboost,1,0.9194398022080947,-0.9210660555256919,3.060136075981449
xgboost,2,-0.9590377594614792,-1.87823083251714,0.17554964026006922
xgboost,3,-2.647399648326356,-2.7640191917745476,-2.5842891645916737
