phase,model,horizon,WAPE_pct
test,arima_log,0,9.600400257447431
test,arima_log,1,8.020483165377762
test,arima_log,2,10.799967693931013
test,arima_log,3,10.25514014910353
test,catboost,0,9.090377536603494
test,catboost,1,7.486216395343334
test,catboost,2,10.028990878967862
test,catboost,3,10.081642498437102
test,damped_monthly_trend,0,15.875543761392175
test,damped_monthly_trend,1,10.965869835613468
test,damped_monthly_trend,2,16.996305869305484
test,damped_monthly_trend,3,20.95681943442687
test,elastic_net,0,9.248174984357549
test,elastic_net,1,7.866178720213239
test,elastic_net,2,10.071931821532143
test,elastic_net,3,10.084469484793484
test,equal_weight_boosting_ensemble,0,9.019217588617249
test,equal_weight_boosting_ensemble,1,7.419580701028346
test,equal_weight_boosting_ensemble,2,9.90648982980452
test,equal_weight_boosting_ensemble,3,10.064593351896168
test,extra_trees,0,9.463501671286117
test,extra_trees,1,7.70747001637659
test,extra_trees,2,10.305982059696507
test,extra_trees,3,10.764807284671528
test,hist_gradient_boosting,0,9.755013040310647
test,hist_gradient_boosting,1,7.7554918399571315
test,hist_gradient_boosting,2,10.77834359560706
test,hist_gradient_boosting,3,11.161924070737337
test,holt_damped_log,0,9.867817608054834
test,holt_damped_log,1,7.95792637845878
test,holt_damped_log,2,11.048832114183519
test,holt_damped_log,3,10.973776255059846
test,lightgbm_downweighted,0,9.034049556824355
test,lightgbm_downweighted,1,7.551150872227285
test,lightgbm_downweighted,2,9.746385529666975
test,lightgbm_downweighted,3,10.131904417102147
test,lightgbm_price,0,9.290682728542123
test,lightgbm_price,1,7.6430857166438395
test,lightgbm_price,2,10.164351691681047
test,lightgbm_price,3,10.414387122238491
test,lightgbm_weather,0,9.190271642401981
test,lightgbm_weather,1,7.626518271183163
test,lightgbm_weather,2,10.025525094697628
test,lightgbm_weather,3,10.249728945881706
test,moving_average_3m,0,10.08436777488907
test,moving_average_3m,1,8.309066323503217
test,moving_average_3m,2,11.115596581220661
test,moving_average_3m,3,11.190175219807196
test,persistence,0,9.298655222271325
test,persistence,1,7.630630815782568
test,persistence,2,10.539671023784829
test,persistence,3,10.019647982647626
test,random_forest,0,10.152752863121355
test,random_forest,1,8.45558474756521
test,random_forest,2,10.935846668465505
test,random_forest,3,11.44683669217275
test,ridge,0,9.29862196988256
test,ridge,1,7.873485867799844
test,ridge,2,9.97567082779512
test,ridge,3,10.362524173965479
test,sarima_log,0,10.090906843953485
test,sarima_log,1,8.600231281626877
test,sarima_log,2,10.83876621491074
test,sarima_log,3,11.157370409967418
test,scaled_seasonal_naive,0,10.725284041379853
test,scaled_seasonal_naive,1,9.024160438500212
test,scaled_seasonal_naive,2,11.528962216393207
test,scaled_seasonal_naive,3,12.000460767644192
test,seasonal_naive_fallback,0,15.028878082884894
test,seasonal_naive_fallback,1,14.716597686176183
test,seasonal_naive_fallback,2,15.833587200180318
test,seasonal_naive_fallback,3,14.494953210636767
test,xgboost,0,8.912357286752323
test,xgboost,1,7.370851713715332
test,xgboost,2,9.80925002959525
test,xgboost,3,9.870818792024222
validation,arima_log,0,11.692075540876806
validation,arima_log,1,9.146612523479233
validation,arima_log,2,13.360421135349265
validation,arima_log,3,12.858199716286979
validation,catboost,0,11.508635679324447
validation,catboost,1,9.364681409023232
validation,catboost,2,13.113106396487977
validation,catboost,3,12.266232529329793
validation,damped_monthly_trend,0,18.735726837567867
validation,damped_monthly_trend,1,14.227927927984831
validation,damped_monthly_trend,2,25.3382544951863
validation,damped_monthly_trend,3,16.68953805693381
validation,elastic_net,0,11.741180429198716
validation,elastic_net,1,10.003974313956599
validation,elastic_net,2,13.47526219191588
validation,elastic_net,3,11.865922714997353
validation,equal_weight_boosting_ensemble,0,11.423534390325788
validation,equal_weight_boosting_ensemble,1,9.229675486599495
validation,equal_weight_boosting_ensemble,2,13.070140831292287
validation,equal_weight_boosting_ensemble,3,12.193369045124939
validation,extra_trees,0,11.132149110781711
validation,extra_trees,1,9.264061250368531
validation,extra_trees,2,12.700305170757478
validation,extra_trees,3,11.60052353180305
validation,hist_gradient_boosting,0,11.484609593528063
validation,hist_gradient_boosting,1,9.358013541434813
validation,hist_gradient_boosting,2,13.180420063937465
validation,hist_gradient_boosting,3,12.118493574916624
validation,holt_damped_log,0,12.559775869072418
validation,holt_damped_log,1,10.275080200338392
validation,holt_damped_log,2,14.07627691128631
validation,holt_damped_log,3,13.584948861519027
validation,lightgbm_downweighted,0,11.38861168296755
validation,lightgbm_downweighted,1,9.34983903828839
validation,lightgbm_downweighted,2,12.996322539727338
validation,lightgbm_downweighted,3,12.016678683178188
validation,lightgbm_price,0,11.368352497037236
validation,lightgbm_price,1,9.078536690382446
validation,lightgbm_price,2,13.09393572380974
validation,lightgbm_price,3,12.164019402410666
validation,lightgbm_weather,0,11.00025936843782
validation,lightgbm_weather,1,8.924848805123451
validation,lightgbm_weather,2,12.579052408132712
validation,lightgbm_weather,3,11.704763656458113
validation,moving_average_3m,0,11.713108986080506
validation,moving_average_3m,1,9.401022282682428
validation,moving_average_3m,2,13.208979777783401
validation,moving_average_3m,3,12.794312858600378
validation,persistence,0,12.138925599430705
validation,persistence,1,9.984306420800593
validation,persistence,2,13.768317683683025
validation,persistence,3,12.881199741094644
validation,random_forest,0,11.871749744533844
validation,random_forest,1,10.035267101901114
validation,random_forest,2,13.605034278106972
validation,random_forest,3,12.116201696340923
validation,ridge,0,11.966375383528577
validation,ridge,1,10.047300351919047
validation,ridge,2,13.79573726256446
validation,ridge,3,12.201393158166091
validation,sarima_log,0,1.250363894265362e+16
validation,sarima_log,1,10.694739183377184
validation,sarima_log,2,13.896655039150815
validation,sarima_log,3,4.155910933668578e+16
validation,scaled_seasonal_naive,0,12.565536209135635
validation,scaled_seasonal_naive,1,9.870168790592889
validation,scaled_seasonal_naive,2,14.215965547138138
validation,scaled_seasonal_naive,3,13.931252972193015
validation,seasonal_naive_fallback,0,16.918792174031292
validation,seasonal_naive_fallback,1,15.666078768567374
validation,seasonal_naive_fallback,2,18.640573316486353
validation,seasonal_naive_fallback,3,16.47757067787127
validation,xgboost,0,11.519445406661687
validation,xgboost,1,9.392254162276982
validation,xgboost,2,13.083209278380483
validation,xgboost,3,12.302857009403017
